adjective,noun
Swift,Falcon
Mighty,Dragon
Clever,Fox
Brave,Lion
Silent,Wolf
Quick,Eagle
Strong,Bear
Wise,Owl
Fast,Cheetah
Bold,Tiger
Sharp,Hawk
Cool,Penguin
Wild,Panther
Fierce,Shark
Smooth,Dolphin
Bright,Phoenix
Dark,Raven
Golden,Leopard
Silver,Stallion
Crimson,Viper
Azure,Whale
Emerald,Jaguar
Violet,Cobra
Amber,Lynx
Scarlet,Falcon
Turquoise,Marlin
Midnight,Panther
Thunder,Horse
Lightning,Cheetah
Storm,Eagle
Blaze,Phoenix
Frost,Wolf
Shadow,Cat
Mystic,Owl
Cosmic,Tiger
Neon,Shark
Electric,Eel
Quantum,Fox
Cyber,Dragon
Stellar,Hawk
